LIAM;22164
NOAH;20337
OLIVER;15343
THEODORE;12011
JAMES;11793
HENRY;11547
MATEO;11302
ELIJAH;11171
LUCAS;10703
WILLIAM;10596
BENJAMIN;9814
LEVI;9513
EZRA;8774
SEBASTIAN;8562
JACK;8434
DANIEL;8391
SAMUEL;8310
MICHAEL;8189
ETHAN;8170
ASHER;8123
JOHN;8047
HUDSON;7990
LUCA;7959
LEO;7793
ELIAS;7653
OWEN;7574
ALEXANDER;7517
DYLAN;7464
SANTIAGO;7407
JULIAN;7368
DAVID;7317
JOSEPH;7223
MATTHEW;7078
LUKE;7039
JACKSON;6876
MAVERICK;6615
MILES;6611
WYATT;6581
THOMAS;6576
ISAAC;6498
JACOB;6496
MASON;6471
GABRIEL;6379
ANTHONY;6326
CARTER;6267
LOGAN;6267
AIDEN;6243
GRAYSON;6211
CALEB;5766
COOPER;5699
CHARLES;5593
ROMAN;5474
JOSIAH;5457
EZEKIEL;5390
THIAGO;5289
ISAIAH;5250
JOSHUA;5244
WESLEY;5144
JAYDEN;5134
BENNETT;5095
CHRISTOPHER;5054
NATHAN;5010
ANGEL;4964
NOLAN;4888
WAYLON;4878
CAMERON;4817
BROOKS;4793
ANDREW;4772
BEAU;4694
WESTON;4660
ROWAN;4647
ADRIAN;4617
LINCOLN;4567
ENZO;4548
IAN;4547
KAI;4276
CHRISTIAN;4247
AXEL;4245
AARON;4225
THEO;4110
SILAS;4108
WALKER;4023
JONATHAN;4018
LEONARDO;3951
EVERETT;3947
MICAH;3909
RYAN;3892
AUGUST;3876
GAEL;3855
ROBERT;3785
JOSE;3768
ELI;3723
JEREMIAH;3702
LUKA;3697
AMIR;3625
JAXON;3618
PARKER;3605
COLTON;3588
MYLES;3551
ADAM;3497
ATLAS;3417
XAVIER;3337
EASTON;3336
JORDAN;3326
ARTHUR;3318
LANDON;3316
AUSTIN;3290
DOMINIC;3290
ADRIEL;3248
DAMIAN;3233
VINCENT;3158
RIVER;3138
EMILIANO;3125
JACE;3113
ARCHER;3093
LORENZO;3044
JAMESON;3025
NICHOLAS;3025
EMMETT;3001
MILO;2988
HARRISON;2958
GIOVANNI;2951
CARSON;2890
GEORGE;2890
KAYDEN;2882
JONAH;2879
GREYSON;2868
HUNTER;2831
GRAHAM;2789
LUIS;2778
DECLAN;2758
SAWYER;2756
JASPER;2750
RYDER;2694
CARLOS;2614
CONNOR;2606
JUAN;2601
MATTEO;2582
DAWSON;2576
CALVIN;2568
LEON;2547
DEAN;2545
EVAN;2526
NATHANIEL;2511
DIEGO;2506
ARLO;2481
BRYSON;2469
JASON;2448
MALACHI;2404
ELLIOT;2370
ZION;2359
EMILIO;2358
IVAN;2340
HAYDEN;2337
STETSON;2328
JUDE;2284
LEGEND;2275
MATIAS;2263
CALLUM;2258
HAYES;2249
JETT;2222
COLE;2219
ELLIOTT;2219
JESUS;2210
ACE;2203
BECKETT;2186
ALAN;2183
BECKHAM;2180
JAYCE;2176
BRAXTON;2168
JAXSON;2159
AMARI;2158
CHASE;2148
RHETT;2134
MAX;2120
CHARLIE;2084
FELIX;2081
KINGSTON;2081
JUDAH;2069
ANTONIO;2047
EMMANUEL;2047
MAXWELL;2021
RYKER;2011
ALEJANDRO;1992
NICOLAS;1992
BARRETT;1984
JESSE;1980
ASHTON;1976
MIGUEL;1924
BRAYDEN;1917
TYLER;1908
PETER;1889
CAMDEN;1857
ZACHARY;1835
TATUM;1833
KEVIN;1822
ANDRES;1806
FINN;1791
JUSTIN;1788
TUCKER;1781
BENTLEY;1776
ZAYDEN;1741
MESSIAH;1734
ABRAHAM;1729
ALEX;1722
ADONIS;1713
KAIDEN;1708
TIMOTHY;1708
KNOX;1701
TATE;1697
CADEN;1680
AYDEN;1678
NICO;1678
VICTOR;1674
MADDOX;1665
XANDER;1665
OSCAR;1656
COLTER;1643
JOEL;1633
ABEL;1627
PATRICK;1622
RAFAEL;1614
GRIFFIN;1609
BRODY;1608
JAZIEL;1602
RORY;1594
EITHAN;1593
EDWARD;1584
RILEY;1567
BRANDON;1553
MILAN;1552
RICHARD;1539
MALAKAI;1537
ISMAEL;1532
KYRIE;1529
LOUIS;1503
ELIAN;1495
KAIRO;1478
COHEN;1475
NASH;1464
GRANT;1453
CALLAN;1452
DALLAS;1448
HARVEY;1441
MUHAMMAD;1441
MARK;1437
JAVIER;1435
KARTER;1425
ZAYN;1424
CREW;1413
ERIC;1402
SIMON;1402
AZIEL;1381
CYRUS;1380
GAVIN;1380
MARCUS;1376
RONAN;1370
DEREK;1355
AVERY;1348
OMAR;1343
LANE;1331
WARREN;1327
LENNOX;1320
PAUL;1320
BLAKE;1311
JEREMY;1308
TRISTAN;1296
LUKAS;1287
STEVEN;1284
EMERSON;1270
WALTER;1264
CADE;1260
ELLIS;1250
OTTO;1239
PHOENIX;1227
COLT;1224
ATTICUS;1223
KALEB;1221
ISRAEL;1220
TOBIAS;1210
HOLDEN;1205
SAINT;1195
ROMEO;1188
KENNETH;1186
JORGE;1179
ANGELO;1170
REMINGTON;1169
PAXTON;1165
CODY;1161
FINLEY;1153
KAYSON;1146
KOA;1145
KASH;1141
JOSUE;1140
ARES;1136
HENDRIX;1130
BRYCE;1127
MAXIMILIANO;1126
ZYAIRE;1123
REID;1118
BRIAN;1111
BODHI;1110
CRUZ;1110
KADEN;1107
BRYAN;1105
ZANE;1105
FRANCISCO;1104
MARTIN;1101
BRADY;1098
CASEY;1096
SHEPHERD;1094
AIDAN;1092
BAKER;1089
MALCOLM;1088
JAX;1087
CASH;1085
CLAYTON;1081
KOHEN;1079
LEONEL;1079
CRISTIAN;1078
BOWEN;1074
DANTE;1067
ALI;1061
JAYLEN;1061
ORION;1061
BRIGGS;1057
JENSEN;1054
DAKOTA;1053
PRESTON;1045
MAXIMUS;1043
GIDEON;1042
ERICK;1038
ARCHIE;1037
COLIN;1035
SONNY;1034
SHILOH;1032
MATHIAS;1031
EZEQUIEL;1021
SULLIVAN;1011
JOAQUIN;1009
WADE;1009
KING;1001
NIKO;1001
DAMIEN;999
KADE;986
BODIE;980
DARIEL;979
LUCIANO;974
CAYDEN;963
ANDRE;961
MANUEL;954
FERNANDO;951
COLSON;946
RHYS;946
CAIRO;944
ANDERSON;943
KYLER;942
ONYX;927
IBRAHIM;922
CESAR;916
TRAVIS;914
SANTINO;908
CALLAHAN;907
BRADLEY;906
BAYLOR;903
BANKS;899
RUSSELL;892
DESMOND;888
KILLIAN;884
GRADY;882
RYLAN;882
STERLING;880
KYLO;869
EDUARDO;866
RICARDO;865
WELLS;865
STEPHEN;864
ZANDER;864
RAYMOND;859
HECTOR;858
ELIAM;853
EDWIN;850
TITUS;843
IKER;841
FRANKLIN;840
KAMARI;840
MARCO;840
SPENCER;840
JULIUS;838
KHALIL;830
MARSHALL;830
WILDER;830
JARED;828
JADEN;827
KASHTON;822
JAY;819
KARSON;813
MARIO;808
ARI;805
REMY;801
PEDRO;799
SERGIO;799
HUGO;797
PRINCE;797
WINSTON;797
PABLO;794
FORREST;788
AUGUSTUS;787
KOBE;787
OAKLEY;785
DAXTON;784
TADEO;781
SAGE;779
APOLLO;776
LAWSON;774
KIAN;765
SOLOMON;765
CHANCE;757
KAYCE;756
RAPHAEL;744
REED;744
JAKE;743
FREDERICK;741
ARMANI;739
HANK;739
NEHEMIAH;739
ROYAL;738
KAMERON;737
MALIK;736
ALIJAH;734
KANE;731
DALTON;729
LEWIS;728
NOEL;728
BENSON;727
SEAN;726
CLARK;725
MILLER;721
KYLE;716
KIERAN;713
SUTTON;712
FABIAN;711
TANNER;711
MARCELO;709
ROWEN;706
ISAIAS;703
ZAYNE;703
NASIR;702
RAIDEN;702
FRANCIS;693
BO;692
VALENTINO;690
ROME;688
DAMON;686
REECE;686
ESTEBAN;681
EDGAR;679
JOHNNY;679
KYLIAN;679
TYSON;679
URIEL;670
ROYCE;669
CILLIAN;668
KODA;665
KYSON;665
EDEN;659
JALEN;659
FRANK;656
CONRAD;654
JASIAH;654
MATTHIAS;653
ZAIRE;651
CORBIN;646
ASA;645
YUSUF;645
ERIK;644
CALLEN;643
KENDRICK;641
ODIN;641
BRANTLEY;640
RODRIGO;640
MARCOS;639
GIANNI;638
ALEXIS;636
LUCIAN;634
DENVER;633
SYLAS;633
ANDY;628
COLLIN;627
HEZEKIAH;626
MOSHE;626
FINNEGAN;625
RONIN;623
ATREUS;622
ADAN;620
EMANUEL;620
QUINN;615
MACK;612
LEANDRO;611
ROCCO;609